katyperry,
justinbieber,
taylorswift13,
BarackObama,
rihanna,
YouTube,
ladygaga,
TheEllenShow,
twitter,
jtimberlake,
KimKardashian,
britneyspears,
Cristiano,
selenagomez,
cnnbrk,
jimmyfallon,
ArianaGrande,
shakira,
instagram,
ddlovato,
JLo,
Oprah,
Drake,
KingJames,
BillGates,
nytimes,
onedirection,
KevinHart4real,
MileyCyrus,
SportsCenter,
espn,
CNN,
Harry_Styles,
Pink,
LilTunechi,
wizkhalifa,
NiallOfficial,
Adele,
BBCBreaking,
BrunoMars,
kanyewest,
neymarjr,
KAKA,
ActuallyNPH,
danieltosh,
narendramodi,
aliciakeys,
SrBachchan,
NBA,
LiamPayne,
Louis_Tomlinson,
EmmaWatson,
pitbull,
khloekardashian,
iamsrk,
ConanOBrien,
kourtneykardash,
realmadrid,
davidguetta,
Eminem,
NFL,
NICKIMINAJ,
BeingSalmanKhan,
AvrilLavigne,
KendallJenner,
zaynmalik,
NASA,
aamir_khan,
FCBarcelona,
KylieJenner,
blakeshelton,
chrisbrown,
coldplay,
aplusk,
TheEconomist,
vine,
MariahCarey,
BBCWorld,
realDonaldTrump,
LeoDiCaprio,
deepikapadukone,
edsheeran,
google,
MohamadAlarefe,
ricky_martin,
xtina,
shugairi,
agnezmo,
priyankachopra,
TwitterEspanol,
Reuters,
iHrithik,
JimCarrey,
akshaykumar,
KDTrey5,
RyanSeacrest,
ivetesangalo,
AlejandroSanz,
SnoopDogg,
TwitterSports,
